2MONTHS_BINS,DELAY
01-02,1.3605486610058786
03-04,2.4370102471368296
05-06,7.334519572953736
07-08,9.3125
09-10,2.5350278983261005
11-12,3.6955460646735814
