2MONTHS_BINS,ARR_DELAY,DEP_DELAY
01-02,1.3605486610058786,7.578706727629001
03-04,2.4370102471368296,7.350813743218806
05-06,7.334519572953736,11.695729537366548
07-08,9.3125,13.228632478632479
09-10,2.5350278983261005,7.202107873527589
11-12,3.6955460646735814,8.534472239170226
