2MONTHS_BINS,DELAY
01-02,-3.1457286432160805
03-04,3.3940677966101696
05-06,8.607476635514018
07-08,14.186770428015564
09-10,11.851851851851851
11-12,6.383084577114428
